INSERT INTO REGION (ID, NAME) VALUES (1, 'Polska'), (2, 'Europa');
INSERT INTO ARTIST (ID, NAME, DESCRIPTION) VALUES (1, 'Mata', 'Jest synem profesora prawa Marcina Matczaka oraz Arletty Śliwińskiej-Matczak, współprowadzącej szkołę języka angielskiego. W 2019 zdał maturę międzynarodową w II Liceum Ogólnokształcącym z Oddziałami Dwujęzycznymi im. Stefana Batorego w Warszawie. W trakcie egzaminów przedstawił m.in. esej Ewolucja języka w polskim hip-hopie w latach 2001–2014 na przykładzie twórczości Jacka Granieckiego ps. „Tede”. Otrzymał wyróżnienie Warszawiaka Roku 2019 w plebiscycie Warszawiaki. Twórcą jego pseudonimu artystycznego był ojciec, który wymyślił go podczas wspólnych wakacji w 2012. Wspierał syna przy wejściu na rynek muzyczny i doradzał przy tworzeniu pierwszego utworu „Klubowe”.'), (2, 'sanah', 'Brała kilkukrotnie udział w przesłuchaniach do programu The Voice of Poland. Występowała również w polskiej i brytyjskiej wersji Got Talent (Mam talent! i Britain’s Got Talent), jednak nie osiągnęła w nich sukcesu. Popularność zdobyła, zamieszczając autorskie utwory w serwisie YouTube i Periscope(ang.). Zaczęła je publikować w 2014 roku jako Zuzia Jurczak. Pierwsze znane autorskie utwory artystki to: „It Is Right” (wykonane w 2017 roku jako „Alone”), „Heartbreak”, „I’m Stolen” oraz „Za mała”. Po zaczęciu współpracy z Magic Records usunęła wszystkie wcześniejsze piosenki z serwisu. Podpisała kontrakt muzyczny z wytwórnią Magic Records z pomocą Andrzeja Puczyńskiego. Jej pierwszym publicznym wystąpieniem był udział w Tedx Talks. W 2015 dostała się do gali finałowej 10. Festiwalu Piosenki Dziecięcej i Młodzieżowej „Ten Ton” z utworem „Poranne łzy”. Jej wykonanie znalazło się w albumie pt. Ten Ton – Piosenki Wojciecha Młynarskiego. W 2015 roku wystąpiła także na Festiwalu Piosenki Anny German w Ciechocinku (wykonała tam utwór „Jest taka droga”) oraz uczestniczyła w Blue Note Poznań Competition 2015, jednak nie zwyciężyła konkursu. 28 lutego 2016 grała na skrzypcach na Koncercie Dyplomantów Ogólnokształcącej Szkoły Muzycznej II st. im. Zenona Brzewskiego w Zespole Państwowych Szkół Muzycznych Nr 1 „Młodzi Wirtuozi w Zamku Królewskim”. Również w 2016 zakwalifikowała się z utworem „Rehab” do półfinału konkursu International Songwriting Competition w dwóch kategoriach: Pop/Top 40 oraz Unpublished (pol. Nieopublikowane). Jako singel piosenka została wydana 28 kwietnia 2017 przez wytwórnię Serio Records. Jurczak przybrała wtedy pseudonim Ayreen. Było to jedyne wydawnictwo muzyczne artystki pod tym pseudonimem. Następnie zawiesiła karierę na jeden rok.'), (3, 'Sobel', 'Sobel, właściwie Szymon Sobel (ur. 22 listopada 2001 w Świdnicy) – polski piosenkarz popowy i hip-hopowy, autor tekstów, kompozytor oraz producent muzyczny. Popularność zyskał po wydaniu singla „Impreza”, który dostał certyfikat diamentowej płyty. Sukces powtórzył w 2020 roku singlem „Daj mi znać” nagranym z Michałem Szczygłem oraz solowym utworem „Fiołkowe pole” z 2021. Nominowany do Nagrody Muzycznej Fryderyk 2021 w kategorii Fonograficzny Debiut Roku. Raper wydał jeden album Pułapka na motyle z 2021 roku oraz minialbum Kontrast z 2020 roku.');
INSERT INTO PLACE (ID, BUILDING_NAME, CITY, REGION_ID) VALUES (1, 'Arena Ursynów', 'Warszawa', 1), (2, 'Gdynia Arena', 'Gdynia', 1), (3, 'Stegu Arena', 'Opole', 1), (4, 'Albert Hall', 'Londyn', 2), (5, 'Casa da Musica', 'Porto', 2), (6, 'The Sage Gateshead', 'Gateshead', 2), (7, 'O2 Arena', 'Londyn', 2);
INSERT INTO CONCERT (ID, START_DATE, ARTIST_ID, PLACE_ID) VALUES (1, '2022-05-01', 1, 1), (2, '2022-05-02', 1, 2), (3, '2022-05-03', 1, 7), (4, '2022-05-04', 1, 7), (5, '2022-05-05', 1, 7);
INSERT INTO CONCERT (ID, START_DATE, ARTIST_ID, PLACE_ID) VALUES (6, '2022-05-01', 2, 1), (7, '2022-05-02', 2, 2), (8, '2022-05-03', 2, 7), (9, '2022-05-04', 2, 7), (10, '2022-05-05', 2, 7);
INSERT INTO CONCERT (ID, START_DATE, ARTIST_ID, PLACE_ID) VALUES (11, '2022-05-01', 3, 1), (12, '2022-05-02', 3, 2), (13, '2022-05-03', 3, 7), (14, '2022-05-04', 3, 7), (15, '2022-05-05', 3, 7);
